scenario_name,building_name,parameter_set,linearization_type,initial_state_type,price_type,timestep_start,timestep_end,timestep_interval
39487263,39487263,create_parameters,create_linearization,cea_initial_state,wholesale,2017-01-02T00:00:00,2017-01-03T00:00:00,0:30:00
43755562,43755562,create_parameters,create_linearization,cea_initial_state,wholesale,2017-01-02T00:00:00,2017-01-03T00:00:00,0:30:00
43755568,43755568,create_parameters,create_linearization,cea_initial_state,wholesale,2017-01-02T00:00:00,2017-01-03T00:00:00,0:30:00
43755573,43755573,create_parameters,create_linearization,cea_initial_state,wholesale,2017-01-02T00:00:00,2017-01-03T00:00:00,0:30:00
44414529,44414529,create_parameters,create_linearization,cea_initial_state,wholesale,2017-01-02T00:00:00,2017-01-03T00:00:00,0:30:00
44414530,44414530,create_parameters,create_linearization,cea_initial_state,wholesale,2017-01-02T00:00:00,2017-01-03T00:00:00,0:30:00
44414531,44414531,create_parameters,create_linearization,cea_initial_state,wholesale,2017-01-02T00:00:00,2017-01-03T00:00:00,0:30:00
44414534,44414534,create_parameters,create_linearization,cea_initial_state,wholesale,2017-01-02T00:00:00,2017-01-03T00:00:00,0:30:00
44414539,44414539,create_parameters,create_linearization,cea_initial_state,wholesale,2017-01-02T00:00:00,2017-01-03T00:00:00,0:30:00
45098518,45098518,create_parameters,create_linearization,cea_initial_state,wholesale,2017-01-02T00:00:00,2017-01-03T00:00:00,0:30:00
45098519,45098519,create_parameters,create_linearization,cea_initial_state,wholesale,2017-01-02T00:00:00,2017-01-03T00:00:00,0:30:00
45098520,45098520,create_parameters,create_linearization,cea_initial_state,wholesale,2017-01-02T00:00:00,2017-01-03T00:00:00,0:30:00
46594816,46594816,create_parameters,create_linearization,cea_initial_state,wholesale,2017-01-02T00:00:00,2017-01-03T00:00:00,0:30:00
46594818,46594818,create_parameters,create_linearization,cea_initial_state,wholesale,2017-01-02T00:00:00,2017-01-03T00:00:00,0:30:00
46594819,46594819,create_parameters,create_linearization,cea_initial_state,wholesale,2017-01-02T00:00:00,2017-01-03T00:00:00,0:30:00
46594820,46594820,create_parameters,create_linearization,cea_initial_state,wholesale,2017-01-02T00:00:00,2017-01-03T00:00:00,0:30:00
46594821,46594821,create_parameters,create_linearization,cea_initial_state,wholesale,2017-01-02T00:00:00,2017-01-03T00:00:00,0:30:00
46594825,46594825,create_parameters,create_linearization,cea_initial_state,wholesale,2017-01-02T00:00:00,2017-01-03T00:00:00,0:30:00
46594826,46594826,create_parameters,create_linearization,cea_initial_state,wholesale,2017-01-02T00:00:00,2017-01-03T00:00:00,0:30:00
46594829,46594829,create_parameters,create_linearization,cea_initial_state,wholesale,2017-01-02T00:00:00,2017-01-03T00:00:00,0:30:00
46594830,46594830,create_parameters,create_linearization,cea_initial_state,wholesale,2017-01-02T00:00:00,2017-01-03T00:00:00,0:30:00
46594831,46594831,create_parameters,create_linearization,cea_initial_state,wholesale,2017-01-02T00:00:00,2017-01-03T00:00:00,0:30:00
46594832,46594832,create_parameters,create_linearization,cea_initial_state,wholesale,2017-01-02T00:00:00,2017-01-03T00:00:00,0:30:00
46595137,46595137,create_parameters,create_linearization,cea_initial_state,wholesale,2017-01-02T00:00:00,2017-01-03T00:00:00,0:30:00
46595138,46595138,create_parameters,create_linearization,cea_initial_state,wholesale,2017-01-02T00:00:00,2017-01-03T00:00:00,0:30:00
46595145,46595145,create_parameters,create_linearization,cea_initial_state,wholesale,2017-01-02T00:00:00,2017-01-03T00:00:00,0:30:00
46595146,46595146,create_parameters,create_linearization,cea_initial_state,wholesale,2017-01-02T00:00:00,2017-01-03T00:00:00,0:30:00
46595147,46595147,create_parameters,create_linearization,cea_initial_state,wholesale,2017-01-02T00:00:00,2017-01-03T00:00:00,0:30:00
46595148,46595148,create_parameters,create_linearization,cea_initial_state,wholesale,2017-01-02T00:00:00,2017-01-03T00:00:00,0:30:00
46595384,46595384,create_parameters,create_linearization,cea_initial_state,wholesale,2017-01-02T00:00:00,2017-01-03T00:00:00,0:30:00
46595385,46595385,create_parameters,create_linearization,cea_initial_state,wholesale,2017-01-02T00:00:00,2017-01-03T00:00:00,0:30:00
46595390,46595390,create_parameters,create_linearization,cea_initial_state,wholesale,2017-01-02T00:00:00,2017-01-03T00:00:00,0:30:00
46595394,46595394,create_parameters,create_linearization,cea_initial_state,wholesale,2017-01-02T00:00:00,2017-01-03T00:00:00,0:30:00
46595395,46595395,create_parameters,create_linearization,cea_initial_state,wholesale,2017-01-02T00:00:00,2017-01-03T00:00:00,0:30:00
46595417,46595417,create_parameters,create_linearization,cea_initial_state,wholesale,2017-01-02T00:00:00,2017-01-03T00:00:00,0:30:00
46595418,46595418,create_parameters,create_linearization,cea_initial_state,wholesale,2017-01-02T00:00:00,2017-01-03T00:00:00,0:30:00
46595597,46595597,create_parameters,create_linearization,cea_initial_state,wholesale,2017-01-02T00:00:00,2017-01-03T00:00:00,0:30:00
47126588,47126588,create_parameters,create_linearization,cea_initial_state,wholesale,2017-01-02T00:00:00,2017-01-03T00:00:00,0:30:00
47126589,47126589,create_parameters,create_linearization,cea_initial_state,wholesale,2017-01-02T00:00:00,2017-01-03T00:00:00,0:30:00
47134077,47134077,create_parameters,create_linearization,cea_initial_state,wholesale,2017-01-02T00:00:00,2017-01-03T00:00:00,0:30:00
47247812,47247812,create_parameters,create_linearization,cea_initial_state,wholesale,2017-01-02T00:00:00,2017-01-03T00:00:00,0:30:00
47298639,47298639,create_parameters,create_linearization,cea_initial_state,wholesale,2017-01-02T00:00:00,2017-01-03T00:00:00,0:30:00
47300930,47300930,create_parameters,create_linearization,cea_initial_state,wholesale,2017-01-02T00:00:00,2017-01-03T00:00:00,0:30:00
47345002,47345002,create_parameters,create_linearization,cea_initial_state,wholesale,2017-01-02T00:00:00,2017-01-03T00:00:00,0:30:00
47345003,47345003,create_parameters,create_linearization,cea_initial_state,wholesale,2017-01-02T00:00:00,2017-01-03T00:00:00,0:30:00
47345004,47345004,create_parameters,create_linearization,cea_initial_state,wholesale,2017-01-02T00:00:00,2017-01-03T00:00:00,0:30:00
47345005,47345005,create_parameters,create_linearization,cea_initial_state,wholesale,2017-01-02T00:00:00,2017-01-03T00:00:00,0:30:00
47345006,47345006,create_parameters,create_linearization,cea_initial_state,wholesale,2017-01-02T00:00:00,2017-01-03T00:00:00,0:30:00
47345007,47345007,create_parameters,create_linearization,cea_initial_state,wholesale,2017-01-02T00:00:00,2017-01-03T00:00:00,0:30:00
47345009,47345009,create_parameters,create_linearization,cea_initial_state,wholesale,2017-01-02T00:00:00,2017-01-03T00:00:00,0:30:00
47345011,47345011,create_parameters,create_linearization,cea_initial_state,wholesale,2017-01-02T00:00:00,2017-01-03T00:00:00,0:30:00
47345012,47345012,create_parameters,create_linearization,cea_initial_state,wholesale,2017-01-02T00:00:00,2017-01-03T00:00:00,0:30:00
47345013,47345013,create_parameters,create_linearization,cea_initial_state,wholesale,2017-01-02T00:00:00,2017-01-03T00:00:00,0:30:00
47345018,47345018,create_parameters,create_linearization,cea_initial_state,wholesale,2017-01-02T00:00:00,2017-01-03T00:00:00,0:30:00
47345019,47345019,create_parameters,create_linearization,cea_initial_state,wholesale,2017-01-02T00:00:00,2017-01-03T00:00:00,0:30:00
47345021,47345021,create_parameters,create_linearization,cea_initial_state,wholesale,2017-01-02T00:00:00,2017-01-03T00:00:00,0:30:00
47345022,47345022,create_parameters,create_linearization,cea_initial_state,wholesale,2017-01-02T00:00:00,2017-01-03T00:00:00,0:30:00
47345024,47345024,create_parameters,create_linearization,cea_initial_state,wholesale,2017-01-02T00:00:00,2017-01-03T00:00:00,0:30:00
47345025,47345025,create_parameters,create_linearization,cea_initial_state,wholesale,2017-01-02T00:00:00,2017-01-03T00:00:00,0:30:00
47345026,47345026,create_parameters,create_linearization,cea_initial_state,wholesale,2017-01-02T00:00:00,2017-01-03T00:00:00,0:30:00
47345027,47345027,create_parameters,create_linearization,cea_initial_state,wholesale,2017-01-02T00:00:00,2017-01-03T00:00:00,0:30:00
47345028,47345028,create_parameters,create_linearization,cea_initial_state,wholesale,2017-01-02T00:00:00,2017-01-03T00:00:00,0:30:00
47345029,47345029,create_parameters,create_linearization,cea_initial_state,wholesale,2017-01-02T00:00:00,2017-01-03T00:00:00,0:30:00
47345212,47345212,create_parameters,create_linearization,cea_initial_state,wholesale,2017-01-02T00:00:00,2017-01-03T00:00:00,0:30:00
47345213,47345213,create_parameters,create_linearization,cea_initial_state,wholesale,2017-01-02T00:00:00,2017-01-03T00:00:00,0:30:00
47345214,47345214,create_parameters,create_linearization,cea_initial_state,wholesale,2017-01-02T00:00:00,2017-01-03T00:00:00,0:30:00
47345217,47345217,create_parameters,create_linearization,cea_initial_state,wholesale,2017-01-02T00:00:00,2017-01-03T00:00:00,0:30:00
47345219,47345219,create_parameters,create_linearization,cea_initial_state,wholesale,2017-01-02T00:00:00,2017-01-03T00:00:00,0:30:00
47345221,47345221,create_parameters,create_linearization,cea_initial_state,wholesale,2017-01-02T00:00:00,2017-01-03T00:00:00,0:30:00
47345222,47345222,create_parameters,create_linearization,cea_initial_state,wholesale,2017-01-02T00:00:00,2017-01-03T00:00:00,0:30:00
47415359,47415359,create_parameters,create_linearization,cea_initial_state,wholesale,2017-01-02T00:00:00,2017-01-03T00:00:00,0:30:00
47415360,47415360,create_parameters,create_linearization,cea_initial_state,wholesale,2017-01-02T00:00:00,2017-01-03T00:00:00,0:30:00
47415361,47415361,create_parameters,create_linearization,cea_initial_state,wholesale,2017-01-02T00:00:00,2017-01-03T00:00:00,0:30:00
48035153,48035153,create_parameters,create_linearization,cea_initial_state,wholesale,2017-01-02T00:00:00,2017-01-03T00:00:00,0:30:00
48126413,48126413,create_parameters,create_linearization,cea_initial_state,wholesale,2017-01-02T00:00:00,2017-01-03T00:00:00,0:30:00
48178719,48178719,create_parameters,create_linearization,cea_initial_state,wholesale,2017-01-02T00:00:00,2017-01-03T00:00:00,0:30:00
48948265,48948265,create_parameters,create_linearization,cea_initial_state,wholesale,2017-01-02T00:00:00,2017-01-03T00:00:00,0:30:00
49890750,49890750,create_parameters,create_linearization,cea_initial_state,wholesale,2017-01-02T00:00:00,2017-01-03T00:00:00,0:30:00
49890775,49890775,create_parameters,create_linearization,cea_initial_state,wholesale,2017-01-02T00:00:00,2017-01-03T00:00:00,0:30:00
51761904,51761904,create_parameters,create_linearization,cea_initial_state,wholesale,2017-01-02T00:00:00,2017-01-03T00:00:00,0:30:00
95762799,95762799,create_parameters,create_linearization,cea_initial_state,wholesale,2017-01-02T00:00:00,2017-01-03T00:00:00,0:30:00
97582570,97582570,create_parameters,create_linearization,cea_initial_state,wholesale,2017-01-02T00:00:00,2017-01-03T00:00:00,0:30:00
97585680,97585680,create_parameters,create_linearization,cea_initial_state,wholesale,2017-01-02T00:00:00,2017-01-03T00:00:00,0:30:00
97666815,97666815,create_parameters,create_linearization,cea_initial_state,wholesale,2017-01-02T00:00:00,2017-01-03T00:00:00,0:30:00
97666816,97666816,create_parameters,create_linearization,cea_initial_state,wholesale,2017-01-02T00:00:00,2017-01-03T00:00:00,0:30:00
97666817,97666817,create_parameters,create_linearization,cea_initial_state,wholesale,2017-01-02T00:00:00,2017-01-03T00:00:00,0:30:00
97666818,97666818,create_parameters,create_linearization,cea_initial_state,wholesale,2017-01-02T00:00:00,2017-01-03T00:00:00,0:30:00
97666910,97666910,create_parameters,create_linearization,cea_initial_state,wholesale,2017-01-02T00:00:00,2017-01-03T00:00:00,0:30:00
99347079,99347079,create_parameters,create_linearization,cea_initial_state,wholesale,2017-01-02T00:00:00,2017-01-03T00:00:00,0:30:00
99348745,99348745,create_parameters,create_linearization,cea_initial_state,wholesale,2017-01-02T00:00:00,2017-01-03T00:00:00,0:30:00
102938119,102938119,create_parameters,create_linearization,cea_initial_state,wholesale,2017-01-02T00:00:00,2017-01-03T00:00:00,0:30:00
103110145,103110145,create_parameters,create_linearization,cea_initial_state,wholesale,2017-01-02T00:00:00,2017-01-03T00:00:00,0:30:00
103110147,103110147,create_parameters,create_linearization,cea_initial_state,wholesale,2017-01-02T00:00:00,2017-01-03T00:00:00,0:30:00
106193385,106193385,create_parameters,create_linearization,cea_initial_state,wholesale,2017-01-02T00:00:00,2017-01-03T00:00:00,0:30:00
106193386,106193386,create_parameters,create_linearization,cea_initial_state,wholesale,2017-01-02T00:00:00,2017-01-03T00:00:00,0:30:00
106193387,106193387,create_parameters,create_linearization,cea_initial_state,wholesale,2017-01-02T00:00:00,2017-01-03T00:00:00,0:30:00
106193388,106193388,create_parameters,create_linearization,cea_initial_state,wholesale,2017-01-02T00:00:00,2017-01-03T00:00:00,0:30:00
106193390,106193390,create_parameters,create_linearization,cea_initial_state,wholesale,2017-01-02T00:00:00,2017-01-03T00:00:00,0:30:00
106193391,106193391,create_parameters,create_linearization,cea_initial_state,wholesale,2017-01-02T00:00:00,2017-01-03T00:00:00,0:30:00
116800998,116800998,create_parameters,create_linearization,cea_initial_state,wholesale,2017-01-02T00:00:00,2017-01-03T00:00:00,0:30:00
116801003,116801003,create_parameters,create_linearization,cea_initial_state,wholesale,2017-01-02T00:00:00,2017-01-03T00:00:00,0:30:00
116801004,116801004,create_parameters,create_linearization,cea_initial_state,wholesale,2017-01-02T00:00:00,2017-01-03T00:00:00,0:30:00
116801907,116801907,create_parameters,create_linearization,cea_initial_state,wholesale,2017-01-02T00:00:00,2017-01-03T00:00:00,0:30:00
116905040,116905040,create_parameters,create_linearization,cea_initial_state,wholesale,2017-01-02T00:00:00,2017-01-03T00:00:00,0:30:00
116905041,116905041,create_parameters,create_linearization,cea_initial_state,wholesale,2017-01-02T00:00:00,2017-01-03T00:00:00,0:30:00
116905042,116905042,create_parameters,create_linearization,cea_initial_state,wholesale,2017-01-02T00:00:00,2017-01-03T00:00:00,0:30:00
116905045,116905045,create_parameters,create_linearization,cea_initial_state,wholesale,2017-01-02T00:00:00,2017-01-03T00:00:00,0:30:00
117041257,117041257,create_parameters,create_linearization,cea_initial_state,wholesale,2017-01-02T00:00:00,2017-01-03T00:00:00,0:30:00
117042160,117042160,create_parameters,create_linearization,cea_initial_state,wholesale,2017-01-02T00:00:00,2017-01-03T00:00:00,0:30:00
117052184,117052184,create_parameters,create_linearization,cea_initial_state,wholesale,2017-01-02T00:00:00,2017-01-03T00:00:00,0:30:00
117052185,117052185,create_parameters,create_linearization,cea_initial_state,wholesale,2017-01-02T00:00:00,2017-01-03T00:00:00,0:30:00
117052186,117052186,create_parameters,create_linearization,cea_initial_state,wholesale,2017-01-02T00:00:00,2017-01-03T00:00:00,0:30:00
117055140,117055140,create_parameters,create_linearization,cea_initial_state,wholesale,2017-01-02T00:00:00,2017-01-03T00:00:00,0:30:00
117058629,117058629,create_parameters,create_linearization,cea_initial_state,wholesale,2017-01-02T00:00:00,2017-01-03T00:00:00,0:30:00
117058639,117058639,create_parameters,create_linearization,cea_initial_state,wholesale,2017-01-02T00:00:00,2017-01-03T00:00:00,0:30:00
121565109,121565109,create_parameters,create_linearization,cea_initial_state,wholesale,2017-01-02T00:00:00,2017-01-03T00:00:00,0:30:00
126520579,126520579,create_parameters,create_linearization,cea_initial_state,wholesale,2017-01-02T00:00:00,2017-01-03T00:00:00,0:30:00
126520582,126520582,create_parameters,create_linearization,cea_initial_state,wholesale,2017-01-02T00:00:00,2017-01-03T00:00:00,0:30:00
146335667,146335667,create_parameters,create_linearization,cea_initial_state,wholesale,2017-01-02T00:00:00,2017-01-03T00:00:00,0:30:00
152598430,152598430,create_parameters,create_linearization,cea_initial_state,wholesale,2017-01-02T00:00:00,2017-01-03T00:00:00,0:30:00
155980025,155980025,create_parameters,create_linearization,cea_initial_state,wholesale,2017-01-02T00:00:00,2017-01-03T00:00:00,0:30:00
155987124,155987124,create_parameters,create_linearization,cea_initial_state,wholesale,2017-01-02T00:00:00,2017-01-03T00:00:00,0:30:00
155988210,155988210,create_parameters,create_linearization,cea_initial_state,wholesale,2017-01-02T00:00:00,2017-01-03T00:00:00,0:30:00
159679951,159679951,create_parameters,create_linearization,cea_initial_state,wholesale,2017-01-02T00:00:00,2017-01-03T00:00:00,0:30:00
159679953,159679953,create_parameters,create_linearization,cea_initial_state,wholesale,2017-01-02T00:00:00,2017-01-03T00:00:00,0:30:00
159679958,159679958,create_parameters,create_linearization,cea_initial_state,wholesale,2017-01-02T00:00:00,2017-01-03T00:00:00,0:30:00
164176023,164176023,create_parameters,create_linearization,cea_initial_state,wholesale,2017-01-02T00:00:00,2017-01-03T00:00:00,0:30:00
164177174,164177174,create_parameters,create_linearization,cea_initial_state,wholesale,2017-01-02T00:00:00,2017-01-03T00:00:00,0:30:00
164177177,164177177,create_parameters,create_linearization,cea_initial_state,wholesale,2017-01-02T00:00:00,2017-01-03T00:00:00,0:30:00
164177179,164177179,create_parameters,create_linearization,cea_initial_state,wholesale,2017-01-02T00:00:00,2017-01-03T00:00:00,0:30:00
164177180,164177180,create_parameters,create_linearization,cea_initial_state,wholesale,2017-01-02T00:00:00,2017-01-03T00:00:00,0:30:00
164177181,164177181,create_parameters,create_linearization,cea_initial_state,wholesale,2017-01-02T00:00:00,2017-01-03T00:00:00,0:30:00
164177282,164177282,create_parameters,create_linearization,cea_initial_state,wholesale,2017-01-02T00:00:00,2017-01-03T00:00:00,0:30:00
164177283,164177283,create_parameters,create_linearization,cea_initial_state,wholesale,2017-01-02T00:00:00,2017-01-03T00:00:00,0:30:00
164881347,164881347,create_parameters,create_linearization,cea_initial_state,wholesale,2017-01-02T00:00:00,2017-01-03T00:00:00,0:30:00
164882623,164882623,create_parameters,create_linearization,cea_initial_state,wholesale,2017-01-02T00:00:00,2017-01-03T00:00:00,0:30:00
166311281,166311281,create_parameters,create_linearization,cea_initial_state,wholesale,2017-01-02T00:00:00,2017-01-03T00:00:00,0:30:00
166311282,166311282,create_parameters,create_linearization,cea_initial_state,wholesale,2017-01-02T00:00:00,2017-01-03T00:00:00,0:30:00
166311288,166311288,create_parameters,create_linearization,cea_initial_state,wholesale,2017-01-02T00:00:00,2017-01-03T00:00:00,0:30:00
166311389,166311389,create_parameters,create_linearization,cea_initial_state,wholesale,2017-01-02T00:00:00,2017-01-03T00:00:00,0:30:00
166311391,166311391,create_parameters,create_linearization,cea_initial_state,wholesale,2017-01-02T00:00:00,2017-01-03T00:00:00,0:30:00
166554010,166554010,create_parameters,create_linearization,cea_initial_state,wholesale,2017-01-02T00:00:00,2017-01-03T00:00:00,0:30:00
170960936,170960936,create_parameters,create_linearization,cea_initial_state,wholesale,2017-01-02T00:00:00,2017-01-03T00:00:00,0:30:00
171987820,171987820,create_parameters,create_linearization,cea_initial_state,wholesale,2017-01-02T00:00:00,2017-01-03T00:00:00,0:30:00
171987823,171987823,create_parameters,create_linearization,cea_initial_state,wholesale,2017-01-02T00:00:00,2017-01-03T00:00:00,0:30:00
171995551,171995551,create_parameters,create_linearization,cea_initial_state,wholesale,2017-01-02T00:00:00,2017-01-03T00:00:00,0:30:00
171995552,171995552,create_parameters,create_linearization,cea_initial_state,wholesale,2017-01-02T00:00:00,2017-01-03T00:00:00,0:30:00
171995553,171995553,create_parameters,create_linearization,cea_initial_state,wholesale,2017-01-02T00:00:00,2017-01-03T00:00:00,0:30:00
171995554,171995554,create_parameters,create_linearization,cea_initial_state,wholesale,2017-01-02T00:00:00,2017-01-03T00:00:00,0:30:00
171995555,171995555,create_parameters,create_linearization,cea_initial_state,wholesale,2017-01-02T00:00:00,2017-01-03T00:00:00,0:30:00
171995557,171995557,create_parameters,create_linearization,cea_initial_state,wholesale,2017-01-02T00:00:00,2017-01-03T00:00:00,0:30:00
171995558,171995558,create_parameters,create_linearization,cea_initial_state,wholesale,2017-01-02T00:00:00,2017-01-03T00:00:00,0:30:00
171995559,171995559,create_parameters,create_linearization,cea_initial_state,wholesale,2017-01-02T00:00:00,2017-01-03T00:00:00,0:30:00
171995560,171995560,create_parameters,create_linearization,cea_initial_state,wholesale,2017-01-02T00:00:00,2017-01-03T00:00:00,0:30:00
171995561,171995561,create_parameters,create_linearization,cea_initial_state,wholesale,2017-01-02T00:00:00,2017-01-03T00:00:00,0:30:00
171995562,171995562,create_parameters,create_linearization,cea_initial_state,wholesale,2017-01-02T00:00:00,2017-01-03T00:00:00,0:30:00
171995563,171995563,create_parameters,create_linearization,cea_initial_state,wholesale,2017-01-02T00:00:00,2017-01-03T00:00:00,0:30:00
171999278,171999278,create_parameters,create_linearization,cea_initial_state,wholesale,2017-01-02T00:00:00,2017-01-03T00:00:00,0:30:00
171999282,171999282,create_parameters,create_linearization,cea_initial_state,wholesale,2017-01-02T00:00:00,2017-01-03T00:00:00,0:30:00
171999283,171999283,create_parameters,create_linearization,cea_initial_state,wholesale,2017-01-02T00:00:00,2017-01-03T00:00:00,0:30:00
171999284,171999284,create_parameters,create_linearization,cea_initial_state,wholesale,2017-01-02T00:00:00,2017-01-03T00:00:00,0:30:00
171999290,171999290,create_parameters,create_linearization,cea_initial_state,wholesale,2017-01-02T00:00:00,2017-01-03T00:00:00,0:30:00
171999291,171999291,create_parameters,create_linearization,cea_initial_state,wholesale,2017-01-02T00:00:00,2017-01-03T00:00:00,0:30:00
171999293,171999293,create_parameters,create_linearization,cea_initial_state,wholesale,2017-01-02T00:00:00,2017-01-03T00:00:00,0:30:00
171999297,171999297,create_parameters,create_linearization,cea_initial_state,wholesale,2017-01-02T00:00:00,2017-01-03T00:00:00,0:30:00
171999299,171999299,create_parameters,create_linearization,cea_initial_state,wholesale,2017-01-02T00:00:00,2017-01-03T00:00:00,0:30:00
171999300,171999300,create_parameters,create_linearization,cea_initial_state,wholesale,2017-01-02T00:00:00,2017-01-03T00:00:00,0:30:00
171999304,171999304,create_parameters,create_linearization,cea_initial_state,wholesale,2017-01-02T00:00:00,2017-01-03T00:00:00,0:30:00
171999306,171999306,create_parameters,create_linearization,cea_initial_state,wholesale,2017-01-02T00:00:00,2017-01-03T00:00:00,0:30:00
171999314,171999314,create_parameters,create_linearization,cea_initial_state,wholesale,2017-01-02T00:00:00,2017-01-03T00:00:00,0:30:00
171999325,171999325,create_parameters,create_linearization,cea_initial_state,wholesale,2017-01-02T00:00:00,2017-01-03T00:00:00,0:30:00
171999336,171999336,create_parameters,create_linearization,cea_initial_state,wholesale,2017-01-02T00:00:00,2017-01-03T00:00:00,0:30:00
171999340,171999340,create_parameters,create_linearization,cea_initial_state,wholesale,2017-01-02T00:00:00,2017-01-03T00:00:00,0:30:00
171999341,171999341,create_parameters,create_linearization,cea_initial_state,wholesale,2017-01-02T00:00:00,2017-01-03T00:00:00,0:30:00
171999342,171999342,create_parameters,create_linearization,cea_initial_state,wholesale,2017-01-02T00:00:00,2017-01-03T00:00:00,0:30:00
171999350,171999350,create_parameters,create_linearization,cea_initial_state,wholesale,2017-01-02T00:00:00,2017-01-03T00:00:00,0:30:00
172000299,172000299,create_parameters,create_linearization,cea_initial_state,wholesale,2017-01-02T00:00:00,2017-01-03T00:00:00,0:30:00
172000303,172000303,create_parameters,create_linearization,cea_initial_state,wholesale,2017-01-02T00:00:00,2017-01-03T00:00:00,0:30:00
172000305,172000305,create_parameters,create_linearization,cea_initial_state,wholesale,2017-01-02T00:00:00,2017-01-03T00:00:00,0:30:00
172000306,172000306,create_parameters,create_linearization,cea_initial_state,wholesale,2017-01-02T00:00:00,2017-01-03T00:00:00,0:30:00
172000308,172000308,create_parameters,create_linearization,cea_initial_state,wholesale,2017-01-02T00:00:00,2017-01-03T00:00:00,0:30:00
172002558,172002558,create_parameters,create_linearization,cea_initial_state,wholesale,2017-01-02T00:00:00,2017-01-03T00:00:00,0:30:00
172002559,172002559,create_parameters,create_linearization,cea_initial_state,wholesale,2017-01-02T00:00:00,2017-01-03T00:00:00,0:30:00
172002560,172002560,create_parameters,create_linearization,cea_initial_state,wholesale,2017-01-02T00:00:00,2017-01-03T00:00:00,0:30:00
172002561,172002561,create_parameters,create_linearization,cea_initial_state,wholesale,2017-01-02T00:00:00,2017-01-03T00:00:00,0:30:00
172014438,172014438,create_parameters,create_linearization,cea_initial_state,wholesale,2017-01-02T00:00:00,2017-01-03T00:00:00,0:30:00
172014440,172014440,create_parameters,create_linearization,cea_initial_state,wholesale,2017-01-02T00:00:00,2017-01-03T00:00:00,0:30:00
172014442,172014442,create_parameters,create_linearization,cea_initial_state,wholesale,2017-01-02T00:00:00,2017-01-03T00:00:00,0:30:00
172023443,172023443,create_parameters,create_linearization,cea_initial_state,wholesale,2017-01-02T00:00:00,2017-01-03T00:00:00,0:30:00
172023449,172023449,create_parameters,create_linearization,cea_initial_state,wholesale,2017-01-02T00:00:00,2017-01-03T00:00:00,0:30:00
172023451,172023451,create_parameters,create_linearization,cea_initial_state,wholesale,2017-01-02T00:00:00,2017-01-03T00:00:00,0:30:00
172023457,172023457,create_parameters,create_linearization,cea_initial_state,wholesale,2017-01-02T00:00:00,2017-01-03T00:00:00,0:30:00
172023460,172023460,create_parameters,create_linearization,cea_initial_state,wholesale,2017-01-02T00:00:00,2017-01-03T00:00:00,0:30:00
172023461,172023461,create_parameters,create_linearization,cea_initial_state,wholesale,2017-01-02T00:00:00,2017-01-03T00:00:00,0:30:00
172024966,172024966,create_parameters,create_linearization,cea_initial_state,wholesale,2017-01-02T00:00:00,2017-01-03T00:00:00,0:30:00
172024967,172024967,create_parameters,create_linearization,cea_initial_state,wholesale,2017-01-02T00:00:00,2017-01-03T00:00:00,0:30:00
172024968,172024968,create_parameters,create_linearization,cea_initial_state,wholesale,2017-01-02T00:00:00,2017-01-03T00:00:00,0:30:00
172024969,172024969,create_parameters,create_linearization,cea_initial_state,wholesale,2017-01-02T00:00:00,2017-01-03T00:00:00,0:30:00
172024970,172024970,create_parameters,create_linearization,cea_initial_state,wholesale,2017-01-02T00:00:00,2017-01-03T00:00:00,0:30:00
172024971,172024971,create_parameters,create_linearization,cea_initial_state,wholesale,2017-01-02T00:00:00,2017-01-03T00:00:00,0:30:00
172024972,172024972,create_parameters,create_linearization,cea_initial_state,wholesale,2017-01-02T00:00:00,2017-01-03T00:00:00,0:30:00
172024973,172024973,create_parameters,create_linearization,cea_initial_state,wholesale,2017-01-02T00:00:00,2017-01-03T00:00:00,0:30:00
172024974,172024974,create_parameters,create_linearization,cea_initial_state,wholesale,2017-01-02T00:00:00,2017-01-03T00:00:00,0:30:00
172025312,172025312,create_parameters,create_linearization,cea_initial_state,wholesale,2017-01-02T00:00:00,2017-01-03T00:00:00,0:30:00
172025313,172025313,create_parameters,create_linearization,cea_initial_state,wholesale,2017-01-02T00:00:00,2017-01-03T00:00:00,0:30:00
172025316,172025316,create_parameters,create_linearization,cea_initial_state,wholesale,2017-01-02T00:00:00,2017-01-03T00:00:00,0:30:00
172025317,172025317,create_parameters,create_linearization,cea_initial_state,wholesale,2017-01-02T00:00:00,2017-01-03T00:00:00,0:30:00
172097379,172097379,create_parameters,create_linearization,cea_initial_state,wholesale,2017-01-02T00:00:00,2017-01-03T00:00:00,0:30:00
172097381,172097381,create_parameters,create_linearization,cea_initial_state,wholesale,2017-01-02T00:00:00,2017-01-03T00:00:00,0:30:00
172263091,172263091,create_parameters,create_linearization,cea_initial_state,wholesale,2017-01-02T00:00:00,2017-01-03T00:00:00,0:30:00
172263145,172263145,create_parameters,create_linearization,cea_initial_state,wholesale,2017-01-02T00:00:00,2017-01-03T00:00:00,0:30:00
172269373,172269373,create_parameters,create_linearization,cea_initial_state,wholesale,2017-01-02T00:00:00,2017-01-03T00:00:00,0:30:00
172269374,172269374,create_parameters,create_linearization,cea_initial_state,wholesale,2017-01-02T00:00:00,2017-01-03T00:00:00,0:30:00
172269375,172269375,create_parameters,create_linearization,cea_initial_state,wholesale,2017-01-02T00:00:00,2017-01-03T00:00:00,0:30:00
172270393,172270393,create_parameters,create_linearization,cea_initial_state,wholesale,2017-01-02T00:00:00,2017-01-03T00:00:00,0:30:00
172270395,172270395,create_parameters,create_linearization,cea_initial_state,wholesale,2017-01-02T00:00:00,2017-01-03T00:00:00,0:30:00
172270399,172270399,create_parameters,create_linearization,cea_initial_state,wholesale,2017-01-02T00:00:00,2017-01-03T00:00:00,0:30:00
172270415,172270415,create_parameters,create_linearization,cea_initial_state,wholesale,2017-01-02T00:00:00,2017-01-03T00:00:00,0:30:00
172270428,172270428,create_parameters,create_linearization,cea_initial_state,wholesale,2017-01-02T00:00:00,2017-01-03T00:00:00,0:30:00
172307471,172307471,create_parameters,create_linearization,cea_initial_state,wholesale,2017-01-02T00:00:00,2017-01-03T00:00:00,0:30:00
172307472,172307472,create_parameters,create_linearization,cea_initial_state,wholesale,2017-01-02T00:00:00,2017-01-03T00:00:00,0:30:00
172364976,172364976,create_parameters,create_linearization,cea_initial_state,wholesale,2017-01-02T00:00:00,2017-01-03T00:00:00,0:30:00
172364977,172364977,create_parameters,create_linearization,cea_initial_state,wholesale,2017-01-02T00:00:00,2017-01-03T00:00:00,0:30:00
172364980,172364980,create_parameters,create_linearization,cea_initial_state,wholesale,2017-01-02T00:00:00,2017-01-03T00:00:00,0:30:00
172364985,172364985,create_parameters,create_linearization,cea_initial_state,wholesale,2017-01-02T00:00:00,2017-01-03T00:00:00,0:30:00
172373820,172373820,create_parameters,create_linearization,cea_initial_state,wholesale,2017-01-02T00:00:00,2017-01-03T00:00:00,0:30:00
172373823,172373823,create_parameters,create_linearization,cea_initial_state,wholesale,2017-01-02T00:00:00,2017-01-03T00:00:00,0:30:00
172471575,172471575,create_parameters,create_linearization,cea_initial_state,wholesale,2017-01-02T00:00:00,2017-01-03T00:00:00,0:30:00
172471576,172471576,create_parameters,create_linearization,cea_initial_state,wholesale,2017-01-02T00:00:00,2017-01-03T00:00:00,0:30:00
172471577,172471577,create_parameters,create_linearization,cea_initial_state,wholesale,2017-01-02T00:00:00,2017-01-03T00:00:00,0:30:00
172474137,172474137,create_parameters,create_linearization,cea_initial_state,wholesale,2017-01-02T00:00:00,2017-01-03T00:00:00,0:30:00
172482919,172482919,create_parameters,create_linearization,cea_initial_state,wholesale,2017-01-02T00:00:00,2017-01-03T00:00:00,0:30:00
172596722,172596722,create_parameters,create_linearization,cea_initial_state,wholesale,2017-01-02T00:00:00,2017-01-03T00:00:00,0:30:00
172596737,172596737,create_parameters,create_linearization,cea_initial_state,wholesale,2017-01-02T00:00:00,2017-01-03T00:00:00,0:30:00
172596745,172596745,create_parameters,create_linearization,cea_initial_state,wholesale,2017-01-02T00:00:00,2017-01-03T00:00:00,0:30:00
172596753,172596753,create_parameters,create_linearization,cea_initial_state,wholesale,2017-01-02T00:00:00,2017-01-03T00:00:00,0:30:00
172596764,172596764,create_parameters,create_linearization,cea_initial_state,wholesale,2017-01-02T00:00:00,2017-01-03T00:00:00,0:30:00
172596766,172596766,create_parameters,create_linearization,cea_initial_state,wholesale,2017-01-02T00:00:00,2017-01-03T00:00:00,0:30:00
172596769,172596769,create_parameters,create_linearization,cea_initial_state,wholesale,2017-01-02T00:00:00,2017-01-03T00:00:00,0:30:00
172596778,172596778,create_parameters,create_linearization,cea_initial_state,wholesale,2017-01-02T00:00:00,2017-01-03T00:00:00,0:30:00
172596782,172596782,create_parameters,create_linearization,cea_initial_state,wholesale,2017-01-02T00:00:00,2017-01-03T00:00:00,0:30:00
172596789,172596789,create_parameters,create_linearization,cea_initial_state,wholesale,2017-01-02T00:00:00,2017-01-03T00:00:00,0:30:00
172915339,172915339,create_parameters,create_linearization,cea_initial_state,wholesale,2017-01-02T00:00:00,2017-01-03T00:00:00,0:30:00
172915340,172915340,create_parameters,create_linearization,cea_initial_state,wholesale,2017-01-02T00:00:00,2017-01-03T00:00:00,0:30:00
172915341,172915341,create_parameters,create_linearization,cea_initial_state,wholesale,2017-01-02T00:00:00,2017-01-03T00:00:00,0:30:00
172915342,172915342,create_parameters,create_linearization,cea_initial_state,wholesale,2017-01-02T00:00:00,2017-01-03T00:00:00,0:30:00
172915343,172915343,create_parameters,create_linearization,cea_initial_state,wholesale,2017-01-02T00:00:00,2017-01-03T00:00:00,0:30:00
172915344,172915344,create_parameters,create_linearization,cea_initial_state,wholesale,2017-01-02T00:00:00,2017-01-03T00:00:00,0:30:00
172915346,172915346,create_parameters,create_linearization,cea_initial_state,wholesale,2017-01-02T00:00:00,2017-01-03T00:00:00,0:30:00
172915350,172915350,create_parameters,create_linearization,cea_initial_state,wholesale,2017-01-02T00:00:00,2017-01-03T00:00:00,0:30:00
172915352,172915352,create_parameters,create_linearization,cea_initial_state,wholesale,2017-01-02T00:00:00,2017-01-03T00:00:00,0:30:00
172915367,172915367,create_parameters,create_linearization,cea_initial_state,wholesale,2017-01-02T00:00:00,2017-01-03T00:00:00,0:30:00
172916311,172916311,create_parameters,create_linearization,cea_initial_state,wholesale,2017-01-02T00:00:00,2017-01-03T00:00:00,0:30:00
172931401,172931401,create_parameters,create_linearization,cea_initial_state,wholesale,2017-01-02T00:00:00,2017-01-03T00:00:00,0:30:00
173000397,173000397,create_parameters,create_linearization,cea_initial_state,wholesale,2017-01-02T00:00:00,2017-01-03T00:00:00,0:30:00
173000399,173000399,create_parameters,create_linearization,cea_initial_state,wholesale,2017-01-02T00:00:00,2017-01-03T00:00:00,0:30:00
173000401,173000401,create_parameters,create_linearization,cea_initial_state,wholesale,2017-01-02T00:00:00,2017-01-03T00:00:00,0:30:00
173000402,173000402,create_parameters,create_linearization,cea_initial_state,wholesale,2017-01-02T00:00:00,2017-01-03T00:00:00,0:30:00
173000403,173000403,create_parameters,create_linearization,cea_initial_state,wholesale,2017-01-02T00:00:00,2017-01-03T00:00:00,0:30:00
173000404,173000404,create_parameters,create_linearization,cea_initial_state,wholesale,2017-01-02T00:00:00,2017-01-03T00:00:00,0:30:00
173000408,173000408,create_parameters,create_linearization,cea_initial_state,wholesale,2017-01-02T00:00:00,2017-01-03T00:00:00,0:30:00
173000410,173000410,create_parameters,create_linearization,cea_initial_state,wholesale,2017-01-02T00:00:00,2017-01-03T00:00:00,0:30:00
173000411,173000411,create_parameters,create_linearization,cea_initial_state,wholesale,2017-01-02T00:00:00,2017-01-03T00:00:00,0:30:00
173000412,173000412,create_parameters,create_linearization,cea_initial_state,wholesale,2017-01-02T00:00:00,2017-01-03T00:00:00,0:30:00
173000414,173000414,create_parameters,create_linearization,cea_initial_state,wholesale,2017-01-02T00:00:00,2017-01-03T00:00:00,0:30:00
173000420,173000420,create_parameters,create_linearization,cea_initial_state,wholesale,2017-01-02T00:00:00,2017-01-03T00:00:00,0:30:00
173000422,173000422,create_parameters,create_linearization,cea_initial_state,wholesale,2017-01-02T00:00:00,2017-01-03T00:00:00,0:30:00
173000423,173000423,create_parameters,create_linearization,cea_initial_state,wholesale,2017-01-02T00:00:00,2017-01-03T00:00:00,0:30:00
173000424,173000424,create_parameters,create_linearization,cea_initial_state,wholesale,2017-01-02T00:00:00,2017-01-03T00:00:00,0:30:00
173000430,173000430,create_parameters,create_linearization,cea_initial_state,wholesale,2017-01-02T00:00:00,2017-01-03T00:00:00,0:30:00
173000432,173000432,create_parameters,create_linearization,cea_initial_state,wholesale,2017-01-02T00:00:00,2017-01-03T00:00:00,0:30:00
173000433,173000433,create_parameters,create_linearization,cea_initial_state,wholesale,2017-01-02T00:00:00,2017-01-03T00:00:00,0:30:00
173000434,173000434,create_parameters,create_linearization,cea_initial_state,wholesale,2017-01-02T00:00:00,2017-01-03T00:00:00,0:30:00
173000436,173000436,create_parameters,create_linearization,cea_initial_state,wholesale,2017-01-02T00:00:00,2017-01-03T00:00:00,0:30:00
173000443,173000443,create_parameters,create_linearization,cea_initial_state,wholesale,2017-01-02T00:00:00,2017-01-03T00:00:00,0:30:00
173000444,173000444,create_parameters,create_linearization,cea_initial_state,wholesale,2017-01-02T00:00:00,2017-01-03T00:00:00,0:30:00
173000445,173000445,create_parameters,create_linearization,cea_initial_state,wholesale,2017-01-02T00:00:00,2017-01-03T00:00:00,0:30:00
173000446,173000446,create_parameters,create_linearization,cea_initial_state,wholesale,2017-01-02T00:00:00,2017-01-03T00:00:00,0:30:00
173000448,173000448,create_parameters,create_linearization,cea_initial_state,wholesale,2017-01-02T00:00:00,2017-01-03T00:00:00,0:30:00
173000453,173000453,create_parameters,create_linearization,cea_initial_state,wholesale,2017-01-02T00:00:00,2017-01-03T00:00:00,0:30:00
173000454,173000454,create_parameters,create_linearization,cea_initial_state,wholesale,2017-01-02T00:00:00,2017-01-03T00:00:00,0:30:00
173000456,173000456,create_parameters,create_linearization,cea_initial_state,wholesale,2017-01-02T00:00:00,2017-01-03T00:00:00,0:30:00
173000458,173000458,create_parameters,create_linearization,cea_initial_state,wholesale,2017-01-02T00:00:00,2017-01-03T00:00:00,0:30:00
173000460,173000460,create_parameters,create_linearization,cea_initial_state,wholesale,2017-01-02T00:00:00,2017-01-03T00:00:00,0:30:00
173000464,173000464,create_parameters,create_linearization,cea_initial_state,wholesale,2017-01-02T00:00:00,2017-01-03T00:00:00,0:30:00
173000465,173000465,create_parameters,create_linearization,cea_initial_state,wholesale,2017-01-02T00:00:00,2017-01-03T00:00:00,0:30:00
173000467,173000467,create_parameters,create_linearization,cea_initial_state,wholesale,2017-01-02T00:00:00,2017-01-03T00:00:00,0:30:00
173000469,173000469,create_parameters,create_linearization,cea_initial_state,wholesale,2017-01-02T00:00:00,2017-01-03T00:00:00,0:30:00
173000470,173000470,create_parameters,create_linearization,cea_initial_state,wholesale,2017-01-02T00:00:00,2017-01-03T00:00:00,0:30:00
173000471,173000471,create_parameters,create_linearization,cea_initial_state,wholesale,2017-01-02T00:00:00,2017-01-03T00:00:00,0:30:00
173000472,173000472,create_parameters,create_linearization,cea_initial_state,wholesale,2017-01-02T00:00:00,2017-01-03T00:00:00,0:30:00
173000473,173000473,create_parameters,create_linearization,cea_initial_state,wholesale,2017-01-02T00:00:00,2017-01-03T00:00:00,0:30:00
173000474,173000474,create_parameters,create_linearization,cea_initial_state,wholesale,2017-01-02T00:00:00,2017-01-03T00:00:00,0:30:00
173000475,173000475,create_parameters,create_linearization,cea_initial_state,wholesale,2017-01-02T00:00:00,2017-01-03T00:00:00,0:30:00
173000476,173000476,create_parameters,create_linearization,cea_initial_state,wholesale,2017-01-02T00:00:00,2017-01-03T00:00:00,0:30:00
173000477,173000477,create_parameters,create_linearization,cea_initial_state,wholesale,2017-01-02T00:00:00,2017-01-03T00:00:00,0:30:00
173000478,173000478,create_parameters,create_linearization,cea_initial_state,wholesale,2017-01-02T00:00:00,2017-01-03T00:00:00,0:30:00
173000479,173000479,create_parameters,create_linearization,cea_initial_state,wholesale,2017-01-02T00:00:00,2017-01-03T00:00:00,0:30:00
173000480,173000480,create_parameters,create_linearization,cea_initial_state,wholesale,2017-01-02T00:00:00,2017-01-03T00:00:00,0:30:00
173000481,173000481,create_parameters,create_linearization,cea_initial_state,wholesale,2017-01-02T00:00:00,2017-01-03T00:00:00,0:30:00
173000482,173000482,create_parameters,create_linearization,cea_initial_state,wholesale,2017-01-02T00:00:00,2017-01-03T00:00:00,0:30:00
173000483,173000483,create_parameters,create_linearization,cea_initial_state,wholesale,2017-01-02T00:00:00,2017-01-03T00:00:00,0:30:00
173132989,173132989,create_parameters,create_linearization,cea_initial_state,wholesale,2017-01-02T00:00:00,2017-01-03T00:00:00,0:30:00
173132990,173132990,create_parameters,create_linearization,cea_initial_state,wholesale,2017-01-02T00:00:00,2017-01-03T00:00:00,0:30:00
173132991,173132991,create_parameters,create_linearization,cea_initial_state,wholesale,2017-01-02T00:00:00,2017-01-03T00:00:00,0:30:00
173223781,173223781,create_parameters,create_linearization,cea_initial_state,wholesale,2017-01-02T00:00:00,2017-01-03T00:00:00,0:30:00
173223782,173223782,create_parameters,create_linearization,cea_initial_state,wholesale,2017-01-02T00:00:00,2017-01-03T00:00:00,0:30:00
173223954,173223954,create_parameters,create_linearization,cea_initial_state,wholesale,2017-01-02T00:00:00,2017-01-03T00:00:00,0:30:00
173224132,173224132,create_parameters,create_linearization,cea_initial_state,wholesale,2017-01-02T00:00:00,2017-01-03T00:00:00,0:30:00
175014591,175014591,create_parameters,create_linearization,cea_initial_state,wholesale,2017-01-02T00:00:00,2017-01-03T00:00:00,0:30:00
182819152,182819152,create_parameters,create_linearization,cea_initial_state,wholesale,2017-01-02T00:00:00,2017-01-03T00:00:00,0:30:00
182819156,182819156,create_parameters,create_linearization,cea_initial_state,wholesale,2017-01-02T00:00:00,2017-01-03T00:00:00,0:30:00
182819162,182819162,create_parameters,create_linearization,cea_initial_state,wholesale,2017-01-02T00:00:00,2017-01-03T00:00:00,0:30:00
182819163,182819163,create_parameters,create_linearization,cea_initial_state,wholesale,2017-01-02T00:00:00,2017-01-03T00:00:00,0:30:00
183319245,183319245,create_parameters,create_linearization,cea_initial_state,wholesale,2017-01-02T00:00:00,2017-01-03T00:00:00,0:30:00
183320721,183320721,create_parameters,create_linearization,cea_initial_state,wholesale,2017-01-02T00:00:00,2017-01-03T00:00:00,0:30:00
184297025,184297025,create_parameters,create_linearization,cea_initial_state,wholesale,2017-01-02T00:00:00,2017-01-03T00:00:00,0:30:00
188366224,188366224,create_parameters,create_linearization,cea_initial_state,wholesale,2017-01-02T00:00:00,2017-01-03T00:00:00,0:30:00
188366225,188366225,create_parameters,create_linearization,cea_initial_state,wholesale,2017-01-02T00:00:00,2017-01-03T00:00:00,0:30:00
188366227,188366227,create_parameters,create_linearization,cea_initial_state,wholesale,2017-01-02T00:00:00,2017-01-03T00:00:00,0:30:00
188366233,188366233,create_parameters,create_linearization,cea_initial_state,wholesale,2017-01-02T00:00:00,2017-01-03T00:00:00,0:30:00
188366237,188366237,create_parameters,create_linearization,cea_initial_state,wholesale,2017-01-02T00:00:00,2017-01-03T00:00:00,0:30:00
188366238,188366238,create_parameters,create_linearization,cea_initial_state,wholesale,2017-01-02T00:00:00,2017-01-03T00:00:00,0:30:00
191010556,191010556,create_parameters,create_linearization,cea_initial_state,wholesale,2017-01-02T00:00:00,2017-01-03T00:00:00,0:30:00
191010558,191010558,create_parameters,create_linearization,cea_initial_state,wholesale,2017-01-02T00:00:00,2017-01-03T00:00:00,0:30:00
230082125,230082125,create_parameters,create_linearization,cea_initial_state,wholesale,2017-01-02T00:00:00,2017-01-03T00:00:00,0:30:00
231917936,231917936,create_parameters,create_linearization,cea_initial_state,wholesale,2017-01-02T00:00:00,2017-01-03T00:00:00,0:30:00
231917948,231917948,create_parameters,create_linearization,cea_initial_state,wholesale,2017-01-02T00:00:00,2017-01-03T00:00:00,0:30:00
231917957,231917957,create_parameters,create_linearization,cea_initial_state,wholesale,2017-01-02T00:00:00,2017-01-03T00:00:00,0:30:00
243427705,243427705,create_parameters,create_linearization,cea_initial_state,wholesale,2017-01-02T00:00:00,2017-01-03T00:00:00,0:30:00
243427888,243427888,create_parameters,create_linearization,cea_initial_state,wholesale,2017-01-02T00:00:00,2017-01-03T00:00:00,0:30:00
243430507,243430507,create_parameters,create_linearization,cea_initial_state,wholesale,2017-01-02T00:00:00,2017-01-03T00:00:00,0:30:00
243430556,243430556,create_parameters,create_linearization,cea_initial_state,wholesale,2017-01-02T00:00:00,2017-01-03T00:00:00,0:30:00
251796138,251796138,create_parameters,create_linearization,cea_initial_state,wholesale,2017-01-02T00:00:00,2017-01-03T00:00:00,0:30:00
254815861,254815861,create_parameters,create_linearization,cea_initial_state,wholesale,2017-01-02T00:00:00,2017-01-03T00:00:00,0:30:00
254815862,254815862,create_parameters,create_linearization,cea_initial_state,wholesale,2017-01-02T00:00:00,2017-01-03T00:00:00,0:30:00
254815864,254815864,create_parameters,create_linearization,cea_initial_state,wholesale,2017-01-02T00:00:00,2017-01-03T00:00:00,0:30:00
254815865,254815865,create_parameters,create_linearization,cea_initial_state,wholesale,2017-01-02T00:00:00,2017-01-03T00:00:00,0:30:00
254815866,254815866,create_parameters,create_linearization,cea_initial_state,wholesale,2017-01-02T00:00:00,2017-01-03T00:00:00,0:30:00
254815868,254815868,create_parameters,create_linearization,cea_initial_state,wholesale,2017-01-02T00:00:00,2017-01-03T00:00:00,0:30:00
254815872,254815872,create_parameters,create_linearization,cea_initial_state,wholesale,2017-01-02T00:00:00,2017-01-03T00:00:00,0:30:00
254815873,254815873,create_parameters,create_linearization,cea_initial_state,wholesale,2017-01-02T00:00:00,2017-01-03T00:00:00,0:30:00
254815876,254815876,create_parameters,create_linearization,cea_initial_state,wholesale,2017-01-02T00:00:00,2017-01-03T00:00:00,0:30:00
254815877,254815877,create_parameters,create_linearization,cea_initial_state,wholesale,2017-01-02T00:00:00,2017-01-03T00:00:00,0:30:00
254815878,254815878,create_parameters,create_linearization,cea_initial_state,wholesale,2017-01-02T00:00:00,2017-01-03T00:00:00,0:30:00
254815879,254815879,create_parameters,create_linearization,cea_initial_state,wholesale,2017-01-02T00:00:00,2017-01-03T00:00:00,0:30:00
254815880,254815880,create_parameters,create_linearization,cea_initial_state,wholesale,2017-01-02T00:00:00,2017-01-03T00:00:00,0:30:00
254815881,254815881,create_parameters,create_linearization,cea_initial_state,wholesale,2017-01-02T00:00:00,2017-01-03T00:00:00,0:30:00
254815882,254815882,create_parameters,create_linearization,cea_initial_state,wholesale,2017-01-02T00:00:00,2017-01-03T00:00:00,0:30:00
254815883,254815883,create_parameters,create_linearization,cea_initial_state,wholesale,2017-01-02T00:00:00,2017-01-03T00:00:00,0:30:00
254815884,254815884,create_parameters,create_linearization,cea_initial_state,wholesale,2017-01-02T00:00:00,2017-01-03T00:00:00,0:30:00
254815885,254815885,create_parameters,create_linearization,cea_initial_state,wholesale,2017-01-02T00:00:00,2017-01-03T00:00:00,0:30:00
254815886,254815886,create_parameters,create_linearization,cea_initial_state,wholesale,2017-01-02T00:00:00,2017-01-03T00:00:00,0:30:00
254815887,254815887,create_parameters,create_linearization,cea_initial_state,wholesale,2017-01-02T00:00:00,2017-01-03T00:00:00,0:30:00
254815888,254815888,create_parameters,create_linearization,cea_initial_state,wholesale,2017-01-02T00:00:00,2017-01-03T00:00:00,0:30:00
254815889,254815889,create_parameters,create_linearization,cea_initial_state,wholesale,2017-01-02T00:00:00,2017-01-03T00:00:00,0:30:00
254815890,254815890,create_parameters,create_linearization,cea_initial_state,wholesale,2017-01-02T00:00:00,2017-01-03T00:00:00,0:30:00
254815891,254815891,create_parameters,create_linearization,cea_initial_state,wholesale,2017-01-02T00:00:00,2017-01-03T00:00:00,0:30:00
254815892,254815892,create_parameters,create_linearization,cea_initial_state,wholesale,2017-01-02T00:00:00,2017-01-03T00:00:00,0:30:00
254815893,254815893,create_parameters,create_linearization,cea_initial_state,wholesale,2017-01-02T00:00:00,2017-01-03T00:00:00,0:30:00
254815894,254815894,create_parameters,create_linearization,cea_initial_state,wholesale,2017-01-02T00:00:00,2017-01-03T00:00:00,0:30:00
254815895,254815895,create_parameters,create_linearization,cea_initial_state,wholesale,2017-01-02T00:00:00,2017-01-03T00:00:00,0:30:00
254815896,254815896,create_parameters,create_linearization,cea_initial_state,wholesale,2017-01-02T00:00:00,2017-01-03T00:00:00,0:30:00
254815897,254815897,create_parameters,create_linearization,cea_initial_state,wholesale,2017-01-02T00:00:00,2017-01-03T00:00:00,0:30:00
254815898,254815898,create_parameters,create_linearization,cea_initial_state,wholesale,2017-01-02T00:00:00,2017-01-03T00:00:00,0:30:00
254815899,254815899,create_parameters,create_linearization,cea_initial_state,wholesale,2017-01-02T00:00:00,2017-01-03T00:00:00,0:30:00
254815900,254815900,create_parameters,create_linearization,cea_initial_state,wholesale,2017-01-02T00:00:00,2017-01-03T00:00:00,0:30:00
254815901,254815901,create_parameters,create_linearization,cea_initial_state,wholesale,2017-01-02T00:00:00,2017-01-03T00:00:00,0:30:00
254815902,254815902,create_parameters,create_linearization,cea_initial_state,wholesale,2017-01-02T00:00:00,2017-01-03T00:00:00,0:30:00
254815903,254815903,create_parameters,create_linearization,cea_initial_state,wholesale,2017-01-02T00:00:00,2017-01-03T00:00:00,0:30:00
254815904,254815904,create_parameters,create_linearization,cea_initial_state,wholesale,2017-01-02T00:00:00,2017-01-03T00:00:00,0:30:00
254815905,254815905,create_parameters,create_linearization,cea_initial_state,wholesale,2017-01-02T00:00:00,2017-01-03T00:00:00,0:30:00
254815906,254815906,create_parameters,create_linearization,cea_initial_state,wholesale,2017-01-02T00:00:00,2017-01-03T00:00:00,0:30:00
254815907,254815907,create_parameters,create_linearization,cea_initial_state,wholesale,2017-01-02T00:00:00,2017-01-03T00:00:00,0:30:00
254815908,254815908,create_parameters,create_linearization,cea_initial_state,wholesale,2017-01-02T00:00:00,2017-01-03T00:00:00,0:30:00
254815909,254815909,create_parameters,create_linearization,cea_initial_state,wholesale,2017-01-02T00:00:00,2017-01-03T00:00:00,0:30:00
254815910,254815910,create_parameters,create_linearization,cea_initial_state,wholesale,2017-01-02T00:00:00,2017-01-03T00:00:00,0:30:00
254815911,254815911,create_parameters,create_linearization,cea_initial_state,wholesale,2017-01-02T00:00:00,2017-01-03T00:00:00,0:30:00
254815912,254815912,create_parameters,create_linearization,cea_initial_state,wholesale,2017-01-02T00:00:00,2017-01-03T00:00:00,0:30:00
254815913,254815913,create_parameters,create_linearization,cea_initial_state,wholesale,2017-01-02T00:00:00,2017-01-03T00:00:00,0:30:00
254815914,254815914,create_parameters,create_linearization,cea_initial_state,wholesale,2017-01-02T00:00:00,2017-01-03T00:00:00,0:30:00
254815915,254815915,create_parameters,create_linearization,cea_initial_state,wholesale,2017-01-02T00:00:00,2017-01-03T00:00:00,0:30:00
254815916,254815916,create_parameters,create_linearization,cea_initial_state,wholesale,2017-01-02T00:00:00,2017-01-03T00:00:00,0:30:00
254815917,254815917,create_parameters,create_linearization,cea_initial_state,wholesale,2017-01-02T00:00:00,2017-01-03T00:00:00,0:30:00
254815918,254815918,create_parameters,create_linearization,cea_initial_state,wholesale,2017-01-02T00:00:00,2017-01-03T00:00:00,0:30:00
254815919,254815919,create_parameters,create_linearization,cea_initial_state,wholesale,2017-01-02T00:00:00,2017-01-03T00:00:00,0:30:00
254815920,254815920,create_parameters,create_linearization,cea_initial_state,wholesale,2017-01-02T00:00:00,2017-01-03T00:00:00,0:30:00
254815921,254815921,create_parameters,create_linearization,cea_initial_state,wholesale,2017-01-02T00:00:00,2017-01-03T00:00:00,0:30:00
254815922,254815922,create_parameters,create_linearization,cea_initial_state,wholesale,2017-01-02T00:00:00,2017-01-03T00:00:00,0:30:00
254815923,254815923,create_parameters,create_linearization,cea_initial_state,wholesale,2017-01-02T00:00:00,2017-01-03T00:00:00,0:30:00
254815924,254815924,create_parameters,create_linearization,cea_initial_state,wholesale,2017-01-02T00:00:00,2017-01-03T00:00:00,0:30:00
254815925,254815925,create_parameters,create_linearization,cea_initial_state,wholesale,2017-01-02T00:00:00,2017-01-03T00:00:00,0:30:00
254815926,254815926,create_parameters,create_linearization,cea_initial_state,wholesale,2017-01-02T00:00:00,2017-01-03T00:00:00,0:30:00
254815927,254815927,create_parameters,create_linearization,cea_initial_state,wholesale,2017-01-02T00:00:00,2017-01-03T00:00:00,0:30:00
254815928,254815928,create_parameters,create_linearization,cea_initial_state,wholesale,2017-01-02T00:00:00,2017-01-03T00:00:00,0:30:00
254815929,254815929,create_parameters,create_linearization,cea_initial_state,wholesale,2017-01-02T00:00:00,2017-01-03T00:00:00,0:30:00
254815932,254815932,create_parameters,create_linearization,cea_initial_state,wholesale,2017-01-02T00:00:00,2017-01-03T00:00:00,0:30:00
254815934,254815934,create_parameters,create_linearization,cea_initial_state,wholesale,2017-01-02T00:00:00,2017-01-03T00:00:00,0:30:00
254815935,254815935,create_parameters,create_linearization,cea_initial_state,wholesale,2017-01-02T00:00:00,2017-01-03T00:00:00,0:30:00
254815936,254815936,create_parameters,create_linearization,cea_initial_state,wholesale,2017-01-02T00:00:00,2017-01-03T00:00:00,0:30:00
254815938,254815938,create_parameters,create_linearization,cea_initial_state,wholesale,2017-01-02T00:00:00,2017-01-03T00:00:00,0:30:00
254815939,254815939,create_parameters,create_linearization,cea_initial_state,wholesale,2017-01-02T00:00:00,2017-01-03T00:00:00,0:30:00
254815940,254815940,create_parameters,create_linearization,cea_initial_state,wholesale,2017-01-02T00:00:00,2017-01-03T00:00:00,0:30:00
254815941,254815941,create_parameters,create_linearization,cea_initial_state,wholesale,2017-01-02T00:00:00,2017-01-03T00:00:00,0:30:00
254815942,254815942,create_parameters,create_linearization,cea_initial_state,wholesale,2017-01-02T00:00:00,2017-01-03T00:00:00,0:30:00
254815943,254815943,create_parameters,create_linearization,cea_initial_state,wholesale,2017-01-02T00:00:00,2017-01-03T00:00:00,0:30:00
254815945,254815945,create_parameters,create_linearization,cea_initial_state,wholesale,2017-01-02T00:00:00,2017-01-03T00:00:00,0:30:00
254815947,254815947,create_parameters,create_linearization,cea_initial_state,wholesale,2017-01-02T00:00:00,2017-01-03T00:00:00,0:30:00
254815949,254815949,create_parameters,create_linearization,cea_initial_state,wholesale,2017-01-02T00:00:00,2017-01-03T00:00:00,0:30:00
254815951,254815951,create_parameters,create_linearization,cea_initial_state,wholesale,2017-01-02T00:00:00,2017-01-03T00:00:00,0:30:00
254815953,254815953,create_parameters,create_linearization,cea_initial_state,wholesale,2017-01-02T00:00:00,2017-01-03T00:00:00,0:30:00
254815955,254815955,create_parameters,create_linearization,cea_initial_state,wholesale,2017-01-02T00:00:00,2017-01-03T00:00:00,0:30:00
254815957,254815957,create_parameters,create_linearization,cea_initial_state,wholesale,2017-01-02T00:00:00,2017-01-03T00:00:00,0:30:00
254815959,254815959,create_parameters,create_linearization,cea_initial_state,wholesale,2017-01-02T00:00:00,2017-01-03T00:00:00,0:30:00
254815960,254815960,create_parameters,create_linearization,cea_initial_state,wholesale,2017-01-02T00:00:00,2017-01-03T00:00:00,0:30:00
254815961,254815961,create_parameters,create_linearization,cea_initial_state,wholesale,2017-01-02T00:00:00,2017-01-03T00:00:00,0:30:00
254815962,254815962,create_parameters,create_linearization,cea_initial_state,wholesale,2017-01-02T00:00:00,2017-01-03T00:00:00,0:30:00
254815964,254815964,create_parameters,create_linearization,cea_initial_state,wholesale,2017-01-02T00:00:00,2017-01-03T00:00:00,0:30:00
254815966,254815966,create_parameters,create_linearization,cea_initial_state,wholesale,2017-01-02T00:00:00,2017-01-03T00:00:00,0:30:00
254815967,254815967,create_parameters,create_linearization,cea_initial_state,wholesale,2017-01-02T00:00:00,2017-01-03T00:00:00,0:30:00
254815972,254815972,create_parameters,create_linearization,cea_initial_state,wholesale,2017-01-02T00:00:00,2017-01-03T00:00:00,0:30:00
254815973,254815973,create_parameters,create_linearization,cea_initial_state,wholesale,2017-01-02T00:00:00,2017-01-03T00:00:00,0:30:00
254815974,254815974,create_parameters,create_linearization,cea_initial_state,wholesale,2017-01-02T00:00:00,2017-01-03T00:00:00,0:30:00
254815975,254815975,create_parameters,create_linearization,cea_initial_state,wholesale,2017-01-02T00:00:00,2017-01-03T00:00:00,0:30:00
254815976,254815976,create_parameters,create_linearization,cea_initial_state,wholesale,2017-01-02T00:00:00,2017-01-03T00:00:00,0:30:00
254815978,254815978,create_parameters,create_linearization,cea_initial_state,wholesale,2017-01-02T00:00:00,2017-01-03T00:00:00,0:30:00
254815979,254815979,create_parameters,create_linearization,cea_initial_state,wholesale,2017-01-02T00:00:00,2017-01-03T00:00:00,0:30:00
254815980,254815980,create_parameters,create_linearization,cea_initial_state,wholesale,2017-01-02T00:00:00,2017-01-03T00:00:00,0:30:00
254815981,254815981,create_parameters,create_linearization,cea_initial_state,wholesale,2017-01-02T00:00:00,2017-01-03T00:00:00,0:30:00
254815982,254815982,create_parameters,create_linearization,cea_initial_state,wholesale,2017-01-02T00:00:00,2017-01-03T00:00:00,0:30:00
254815983,254815983,create_parameters,create_linearization,cea_initial_state,wholesale,2017-01-02T00:00:00,2017-01-03T00:00:00,0:30:00
254815984,254815984,create_parameters,create_linearization,cea_initial_state,wholesale,2017-01-02T00:00:00,2017-01-03T00:00:00,0:30:00
254815985,254815985,create_parameters,create_linearization,cea_initial_state,wholesale,2017-01-02T00:00:00,2017-01-03T00:00:00,0:30:00
254815986,254815986,create_parameters,create_linearization,cea_initial_state,wholesale,2017-01-02T00:00:00,2017-01-03T00:00:00,0:30:00
254815987,254815987,create_parameters,create_linearization,cea_initial_state,wholesale,2017-01-02T00:00:00,2017-01-03T00:00:00,0:30:00
254815988,254815988,create_parameters,create_linearization,cea_initial_state,wholesale,2017-01-02T00:00:00,2017-01-03T00:00:00,0:30:00
254815989,254815989,create_parameters,create_linearization,cea_initial_state,wholesale,2017-01-02T00:00:00,2017-01-03T00:00:00,0:30:00
254815990,254815990,create_parameters,create_linearization,cea_initial_state,wholesale,2017-01-02T00:00:00,2017-01-03T00:00:00,0:30:00
254815991,254815991,create_parameters,create_linearization,cea_initial_state,wholesale,2017-01-02T00:00:00,2017-01-03T00:00:00,0:30:00
254815992,254815992,create_parameters,create_linearization,cea_initial_state,wholesale,2017-01-02T00:00:00,2017-01-03T00:00:00,0:30:00
254815993,254815993,create_parameters,create_linearization,cea_initial_state,wholesale,2017-01-02T00:00:00,2017-01-03T00:00:00,0:30:00
254815994,254815994,create_parameters,create_linearization,cea_initial_state,wholesale,2017-01-02T00:00:00,2017-01-03T00:00:00,0:30:00
254815995,254815995,create_parameters,create_linearization,cea_initial_state,wholesale,2017-01-02T00:00:00,2017-01-03T00:00:00,0:30:00
254815996,254815996,create_parameters,create_linearization,cea_initial_state,wholesale,2017-01-02T00:00:00,2017-01-03T00:00:00,0:30:00
254815997,254815997,create_parameters,create_linearization,cea_initial_state,wholesale,2017-01-02T00:00:00,2017-01-03T00:00:00,0:30:00
254815998,254815998,create_parameters,create_linearization,cea_initial_state,wholesale,2017-01-02T00:00:00,2017-01-03T00:00:00,0:30:00
254815999,254815999,create_parameters,create_linearization,cea_initial_state,wholesale,2017-01-02T00:00:00,2017-01-03T00:00:00,0:30:00
254816000,254816000,create_parameters,create_linearization,cea_initial_state,wholesale,2017-01-02T00:00:00,2017-01-03T00:00:00,0:30:00
254816001,254816001,create_parameters,create_linearization,cea_initial_state,wholesale,2017-01-02T00:00:00,2017-01-03T00:00:00,0:30:00
254816002,254816002,create_parameters,create_linearization,cea_initial_state,wholesale,2017-01-02T00:00:00,2017-01-03T00:00:00,0:30:00
254816003,254816003,create_parameters,create_linearization,cea_initial_state,wholesale,2017-01-02T00:00:00,2017-01-03T00:00:00,0:30:00
254816004,254816004,create_parameters,create_linearization,cea_initial_state,wholesale,2017-01-02T00:00:00,2017-01-03T00:00:00,0:30:00
254816005,254816005,create_parameters,create_linearization,cea_initial_state,wholesale,2017-01-02T00:00:00,2017-01-03T00:00:00,0:30:00
254816006,254816006,create_parameters,create_linearization,cea_initial_state,wholesale,2017-01-02T00:00:00,2017-01-03T00:00:00,0:30:00
254816007,254816007,create_parameters,create_linearization,cea_initial_state,wholesale,2017-01-02T00:00:00,2017-01-03T00:00:00,0:30:00
254816008,254816008,create_parameters,create_linearization,cea_initial_state,wholesale,2017-01-02T00:00:00,2017-01-03T00:00:00,0:30:00
254816009,254816009,create_parameters,create_linearization,cea_initial_state,wholesale,2017-01-02T00:00:00,2017-01-03T00:00:00,0:30:00
254816010,254816010,create_parameters,create_linearization,cea_initial_state,wholesale,2017-01-02T00:00:00,2017-01-03T00:00:00,0:30:00
254816011,254816011,create_parameters,create_linearization,cea_initial_state,wholesale,2017-01-02T00:00:00,2017-01-03T00:00:00,0:30:00
254816012,254816012,create_parameters,create_linearization,cea_initial_state,wholesale,2017-01-02T00:00:00,2017-01-03T00:00:00,0:30:00
254816013,254816013,create_parameters,create_linearization,cea_initial_state,wholesale,2017-01-02T00:00:00,2017-01-03T00:00:00,0:30:00
254816014,254816014,create_parameters,create_linearization,cea_initial_state,wholesale,2017-01-02T00:00:00,2017-01-03T00:00:00,0:30:00
254816015,254816015,create_parameters,create_linearization,cea_initial_state,wholesale,2017-01-02T00:00:00,2017-01-03T00:00:00,0:30:00
254816016,254816016,create_parameters,create_linearization,cea_initial_state,wholesale,2017-01-02T00:00:00,2017-01-03T00:00:00,0:30:00
254816017,254816017,create_parameters,create_linearization,cea_initial_state,wholesale,2017-01-02T00:00:00,2017-01-03T00:00:00,0:30:00
254816018,254816018,create_parameters,create_linearization,cea_initial_state,wholesale,2017-01-02T00:00:00,2017-01-03T00:00:00,0:30:00
254816019,254816019,create_parameters,create_linearization,cea_initial_state,wholesale,2017-01-02T00:00:00,2017-01-03T00:00:00,0:30:00
254816020,254816020,create_parameters,create_linearization,cea_initial_state,wholesale,2017-01-02T00:00:00,2017-01-03T00:00:00,0:30:00
254816021,254816021,create_parameters,create_linearization,cea_initial_state,wholesale,2017-01-02T00:00:00,2017-01-03T00:00:00,0:30:00
254816022,254816022,create_parameters,create_linearization,cea_initial_state,wholesale,2017-01-02T00:00:00,2017-01-03T00:00:00,0:30:00
254816023,254816023,create_parameters,create_linearization,cea_initial_state,wholesale,2017-01-02T00:00:00,2017-01-03T00:00:00,0:30:00
254816025,254816025,create_parameters,create_linearization,cea_initial_state,wholesale,2017-01-02T00:00:00,2017-01-03T00:00:00,0:30:00
254816026,254816026,create_parameters,create_linearization,cea_initial_state,wholesale,2017-01-02T00:00:00,2017-01-03T00:00:00,0:30:00
254816027,254816027,create_parameters,create_linearization,cea_initial_state,wholesale,2017-01-02T00:00:00,2017-01-03T00:00:00,0:30:00
254816028,254816028,create_parameters,create_linearization,cea_initial_state,wholesale,2017-01-02T00:00:00,2017-01-03T00:00:00,0:30:00
254816029,254816029,create_parameters,create_linearization,cea_initial_state,wholesale,2017-01-02T00:00:00,2017-01-03T00:00:00,0:30:00
254816030,254816030,create_parameters,create_linearization,cea_initial_state,wholesale,2017-01-02T00:00:00,2017-01-03T00:00:00,0:30:00
254816031,254816031,create_parameters,create_linearization,cea_initial_state,wholesale,2017-01-02T00:00:00,2017-01-03T00:00:00,0:30:00
254816032,254816032,create_parameters,create_linearization,cea_initial_state,wholesale,2017-01-02T00:00:00,2017-01-03T00:00:00,0:30:00
254816033,254816033,create_parameters,create_linearization,cea_initial_state,wholesale,2017-01-02T00:00:00,2017-01-03T00:00:00,0:30:00
254816034,254816034,create_parameters,create_linearization,cea_initial_state,wholesale,2017-01-02T00:00:00,2017-01-03T00:00:00,0:30:00
254816035,254816035,create_parameters,create_linearization,cea_initial_state,wholesale,2017-01-02T00:00:00,2017-01-03T00:00:00,0:30:00
254816036,254816036,create_parameters,create_linearization,cea_initial_state,wholesale,2017-01-02T00:00:00,2017-01-03T00:00:00,0:30:00
254816037,254816037,create_parameters,create_linearization,cea_initial_state,wholesale,2017-01-02T00:00:00,2017-01-03T00:00:00,0:30:00
254816038,254816038,create_parameters,create_linearization,cea_initial_state,wholesale,2017-01-02T00:00:00,2017-01-03T00:00:00,0:30:00
254816039,254816039,create_parameters,create_linearization,cea_initial_state,wholesale,2017-01-02T00:00:00,2017-01-03T00:00:00,0:30:00
254816040,254816040,create_parameters,create_linearization,cea_initial_state,wholesale,2017-01-02T00:00:00,2017-01-03T00:00:00,0:30:00
254816041,254816041,create_parameters,create_linearization,cea_initial_state,wholesale,2017-01-02T00:00:00,2017-01-03T00:00:00,0:30:00
254816042,254816042,create_parameters,create_linearization,cea_initial_state,wholesale,2017-01-02T00:00:00,2017-01-03T00:00:00,0:30:00
254816043,254816043,create_parameters,create_linearization,cea_initial_state,wholesale,2017-01-02T00:00:00,2017-01-03T00:00:00,0:30:00
254816044,254816044,create_parameters,create_linearization,cea_initial_state,wholesale,2017-01-02T00:00:00,2017-01-03T00:00:00,0:30:00
254816045,254816045,create_parameters,create_linearization,cea_initial_state,wholesale,2017-01-02T00:00:00,2017-01-03T00:00:00,0:30:00
254816046,254816046,create_parameters,create_linearization,cea_initial_state,wholesale,2017-01-02T00:00:00,2017-01-03T00:00:00,0:30:00
254816047,254816047,create_parameters,create_linearization,cea_initial_state,wholesale,2017-01-02T00:00:00,2017-01-03T00:00:00,0:30:00
254816048,254816048,create_parameters,create_linearization,cea_initial_state,wholesale,2017-01-02T00:00:00,2017-01-03T00:00:00,0:30:00
254816049,254816049,create_parameters,create_linearization,cea_initial_state,wholesale,2017-01-02T00:00:00,2017-01-03T00:00:00,0:30:00
254816050,254816050,create_parameters,create_linearization,cea_initial_state,wholesale,2017-01-02T00:00:00,2017-01-03T00:00:00,0:30:00
254816051,254816051,create_parameters,create_linearization,cea_initial_state,wholesale,2017-01-02T00:00:00,2017-01-03T00:00:00,0:30:00
254816052,254816052,create_parameters,create_linearization,cea_initial_state,wholesale,2017-01-02T00:00:00,2017-01-03T00:00:00,0:30:00
254816053,254816053,create_parameters,create_linearization,cea_initial_state,wholesale,2017-01-02T00:00:00,2017-01-03T00:00:00,0:30:00
254816054,254816054,create_parameters,create_linearization,cea_initial_state,wholesale,2017-01-02T00:00:00,2017-01-03T00:00:00,0:30:00
254816055,254816055,create_parameters,create_linearization,cea_initial_state,wholesale,2017-01-02T00:00:00,2017-01-03T00:00:00,0:30:00
254816056,254816056,create_parameters,create_linearization,cea_initial_state,wholesale,2017-01-02T00:00:00,2017-01-03T00:00:00,0:30:00
254816057,254816057,create_parameters,create_linearization,cea_initial_state,wholesale,2017-01-02T00:00:00,2017-01-03T00:00:00,0:30:00
254816058,254816058,create_parameters,create_linearization,cea_initial_state,wholesale,2017-01-02T00:00:00,2017-01-03T00:00:00,0:30:00
254816059,254816059,create_parameters,create_linearization,cea_initial_state,wholesale,2017-01-02T00:00:00,2017-01-03T00:00:00,0:30:00
254833690,254833690,create_parameters,create_linearization,cea_initial_state,wholesale,2017-01-02T00:00:00,2017-01-03T00:00:00,0:30:00
254833691,254833691,create_parameters,create_linearization,cea_initial_state,wholesale,2017-01-02T00:00:00,2017-01-03T00:00:00,0:30:00
254833693,254833693,create_parameters,create_linearization,cea_initial_state,wholesale,2017-01-02T00:00:00,2017-01-03T00:00:00,0:30:00
255713963,255713963,create_parameters,create_linearization,cea_initial_state,wholesale,2017-01-02T00:00:00,2017-01-03T00:00:00,0:30:00
255713969,255713969,create_parameters,create_linearization,cea_initial_state,wholesale,2017-01-02T00:00:00,2017-01-03T00:00:00,0:30:00
256153659,256153659,create_parameters,create_linearization,cea_initial_state,wholesale,2017-01-02T00:00:00,2017-01-03T00:00:00,0:30:00
256153714,256153714,create_parameters,create_linearization,cea_initial_state,wholesale,2017-01-02T00:00:00,2017-01-03T00:00:00,0:30:00
256163011,256163011,create_parameters,create_linearization,cea_initial_state,wholesale,2017-01-02T00:00:00,2017-01-03T00:00:00,0:30:00
256163012,256163012,create_parameters,create_linearization,cea_initial_state,wholesale,2017-01-02T00:00:00,2017-01-03T00:00:00,0:30:00
256275064,256275064,create_parameters,create_linearization,cea_initial_state,wholesale,2017-01-02T00:00:00,2017-01-03T00:00:00,0:30:00
256275069,256275069,create_parameters,create_linearization,cea_initial_state,wholesale,2017-01-02T00:00:00,2017-01-03T00:00:00,0:30:00
257192962,257192962,create_parameters,create_linearization,cea_initial_state,wholesale,2017-01-02T00:00:00,2017-01-03T00:00:00,0:30:00
257192963,257192963,create_parameters,create_linearization,cea_initial_state,wholesale,2017-01-02T00:00:00,2017-01-03T00:00:00,0:30:00
261191086,261191086,create_parameters,create_linearization,cea_initial_state,wholesale,2017-01-02T00:00:00,2017-01-03T00:00:00,0:30:00
303311927,303311927,create_parameters,create_linearization,cea_initial_state,wholesale,2017-01-02T00:00:00,2017-01-03T00:00:00,0:30:00
313646449,313646449,create_parameters,create_linearization,cea_initial_state,wholesale,2017-01-02T00:00:00,2017-01-03T00:00:00,0:30:00
314352312,314352312,create_parameters,create_linearization,cea_initial_state,wholesale,2017-01-02T00:00:00,2017-01-03T00:00:00,0:30:00
325793747,325793747,create_parameters,create_linearization,cea_initial_state,wholesale,2017-01-02T00:00:00,2017-01-03T00:00:00,0:30:00
325793771,325793771,create_parameters,create_linearization,cea_initial_state,wholesale,2017-01-02T00:00:00,2017-01-03T00:00:00,0:30:00
325831547,325831547,create_parameters,create_linearization,cea_initial_state,wholesale,2017-01-02T00:00:00,2017-01-03T00:00:00,0:30:00
325831548,325831548,create_parameters,create_linearization,cea_initial_state,wholesale,2017-01-02T00:00:00,2017-01-03T00:00:00,0:30:00
325831549,325831549,create_parameters,create_linearization,cea_initial_state,wholesale,2017-01-02T00:00:00,2017-01-03T00:00:00,0:30:00
325831550,325831550,create_parameters,create_linearization,cea_initial_state,wholesale,2017-01-02T00:00:00,2017-01-03T00:00:00,0:30:00
325831551,325831551,create_parameters,create_linearization,cea_initial_state,wholesale,2017-01-02T00:00:00,2017-01-03T00:00:00,0:30:00
325831552,325831552,create_parameters,create_linearization,cea_initial_state,wholesale,2017-01-02T00:00:00,2017-01-03T00:00:00,0:30:00
325831553,325831553,create_parameters,create_linearization,cea_initial_state,wholesale,2017-01-02T00:00:00,2017-01-03T00:00:00,0:30:00
325831554,325831554,create_parameters,create_linearization,cea_initial_state,wholesale,2017-01-02T00:00:00,2017-01-03T00:00:00,0:30:00
325831555,325831555,create_parameters,create_linearization,cea_initial_state,wholesale,2017-01-02T00:00:00,2017-01-03T00:00:00,0:30:00
325831556,325831556,create_parameters,create_linearization,cea_initial_state,wholesale,2017-01-02T00:00:00,2017-01-03T00:00:00,0:30:00
325895782,325895782,create_parameters,create_linearization,cea_initial_state,wholesale,2017-01-02T00:00:00,2017-01-03T00:00:00,0:30:00
326926578,326926578,create_parameters,create_linearization,cea_initial_state,wholesale,2017-01-02T00:00:00,2017-01-03T00:00:00,0:30:00
334127049,334127049,create_parameters,create_linearization,cea_initial_state,wholesale,2017-01-02T00:00:00,2017-01-03T00:00:00,0:30:00
335167827,335167827,create_parameters,create_linearization,cea_initial_state,wholesale,2017-01-02T00:00:00,2017-01-03T00:00:00,0:30:00
335574380,335574380,create_parameters,create_linearization,cea_initial_state,wholesale,2017-01-02T00:00:00,2017-01-03T00:00:00,0:30:00
380512068,380512068,create_parameters,create_linearization,cea_initial_state,wholesale,2017-01-02T00:00:00,2017-01-03T00:00:00,0:30:00
380512070,380512070,create_parameters,create_linearization,cea_initial_state,wholesale,2017-01-02T00:00:00,2017-01-03T00:00:00,0:30:00
380512072,380512072,create_parameters,create_linearization,cea_initial_state,wholesale,2017-01-02T00:00:00,2017-01-03T00:00:00,0:30:00
380512074,380512074,create_parameters,create_linearization,cea_initial_state,wholesale,2017-01-02T00:00:00,2017-01-03T00:00:00,0:30:00
380512075,380512075,create_parameters,create_linearization,cea_initial_state,wholesale,2017-01-02T00:00:00,2017-01-03T00:00:00,0:30:00
393090489,393090489,create_parameters,create_linearization,cea_initial_state,wholesale,2017-01-02T00:00:00,2017-01-03T00:00:00,0:30:00
393090492,393090492,create_parameters,create_linearization,cea_initial_state,wholesale,2017-01-02T00:00:00,2017-01-03T00:00:00,0:30:00
393092728,393092728,create_parameters,create_linearization,cea_initial_state,wholesale,2017-01-02T00:00:00,2017-01-03T00:00:00,0:30:00
393100846,393100846,create_parameters,create_linearization,cea_initial_state,wholesale,2017-01-02T00:00:00,2017-01-03T00:00:00,0:30:00
393100849,393100849,create_parameters,create_linearization,cea_initial_state,wholesale,2017-01-02T00:00:00,2017-01-03T00:00:00,0:30:00
393100853,393100853,create_parameters,create_linearization,cea_initial_state,wholesale,2017-01-02T00:00:00,2017-01-03T00:00:00,0:30:00
393210508,393210508,create_parameters,create_linearization,cea_initial_state,wholesale,2017-01-02T00:00:00,2017-01-03T00:00:00,0:30:00
393210509,393210509,create_parameters,create_linearization,cea_initial_state,wholesale,2017-01-02T00:00:00,2017-01-03T00:00:00,0:30:00
394341515,394341515,create_parameters,create_linearization,cea_initial_state,wholesale,2017-01-02T00:00:00,2017-01-03T00:00:00,0:30:00
394341516,394341516,create_parameters,create_linearization,cea_initial_state,wholesale,2017-01-02T00:00:00,2017-01-03T00:00:00,0:30:00
395113920,395113920,create_parameters,create_linearization,cea_initial_state,wholesale,2017-01-02T00:00:00,2017-01-03T00:00:00,0:30:00
395907258,395907258,create_parameters,create_linearization,cea_initial_state,wholesale,2017-01-02T00:00:00,2017-01-03T00:00:00,0:30:00
406900506,406900506,create_parameters,create_linearization,cea_initial_state,wholesale,2017-01-02T00:00:00,2017-01-03T00:00:00,0:30:00
406900756,406900756,create_parameters,create_linearization,cea_initial_state,wholesale,2017-01-02T00:00:00,2017-01-03T00:00:00,0:30:00
407926393,407926393,create_parameters,create_linearization,cea_initial_state,wholesale,2017-01-02T00:00:00,2017-01-03T00:00:00,0:30:00
407941850,407941850,create_parameters,create_linearization,cea_initial_state,wholesale,2017-01-02T00:00:00,2017-01-03T00:00:00,0:30:00
407941851,407941851,create_parameters,create_linearization,cea_initial_state,wholesale,2017-01-02T00:00:00,2017-01-03T00:00:00,0:30:00
407951337,407951337,create_parameters,create_linearization,cea_initial_state,wholesale,2017-01-02T00:00:00,2017-01-03T00:00:00,0:30:00
424896144,424896144,create_parameters,create_linearization,cea_initial_state,wholesale,2017-01-02T00:00:00,2017-01-03T00:00:00,0:30:00
424896147,424896147,create_parameters,create_linearization,cea_initial_state,wholesale,2017-01-02T00:00:00,2017-01-03T00:00:00,0:30:00
432515092,432515092,create_parameters,create_linearization,cea_initial_state,wholesale,2017-01-02T00:00:00,2017-01-03T00:00:00,0:30:00
444841323,444841323,create_parameters,create_linearization,cea_initial_state,wholesale,2017-01-02T00:00:00,2017-01-03T00:00:00,0:30:00
447362688,447362688,create_parameters,create_linearization,cea_initial_state,wholesale,2017-01-02T00:00:00,2017-01-03T00:00:00,0:30:00
448084975,448084975,create_parameters,create_linearization,cea_initial_state,wholesale,2017-01-02T00:00:00,2017-01-03T00:00:00,0:30:00
452647613,452647613,create_parameters,create_linearization,cea_initial_state,wholesale,2017-01-02T00:00:00,2017-01-03T00:00:00,0:30:00
452647616,452647616,create_parameters,create_linearization,cea_initial_state,wholesale,2017-01-02T00:00:00,2017-01-03T00:00:00,0:30:00
463857949,463857949,create_parameters,create_linearization,cea_initial_state,wholesale,2017-01-02T00:00:00,2017-01-03T00:00:00,0:30:00
463858903,463858903,create_parameters,create_linearization,cea_initial_state,wholesale,2017-01-02T00:00:00,2017-01-03T00:00:00,0:30:00
463858904,463858904,create_parameters,create_linearization,cea_initial_state,wholesale,2017-01-02T00:00:00,2017-01-03T00:00:00,0:30:00
463858905,463858905,create_parameters,create_linearization,cea_initial_state,wholesale,2017-01-02T00:00:00,2017-01-03T00:00:00,0:30:00
466885625,466885625,create_parameters,create_linearization,cea_initial_state,wholesale,2017-01-02T00:00:00,2017-01-03T00:00:00,0:30:00
467465702,467465702,create_parameters,create_linearization,cea_initial_state,wholesale,2017-01-02T00:00:00,2017-01-03T00:00:00,0:30:00
467465704,467465704,create_parameters,create_linearization,cea_initial_state,wholesale,2017-01-02T00:00:00,2017-01-03T00:00:00,0:30:00
467465705,467465705,create_parameters,create_linearization,cea_initial_state,wholesale,2017-01-02T00:00:00,2017-01-03T00:00:00,0:30:00
467465706,467465706,create_parameters,create_linearization,cea_initial_state,wholesale,2017-01-02T00:00:00,2017-01-03T00:00:00,0:30:00
467465707,467465707,create_parameters,create_linearization,cea_initial_state,wholesale,2017-01-02T00:00:00,2017-01-03T00:00:00,0:30:00
467465708,467465708,create_parameters,create_linearization,cea_initial_state,wholesale,2017-01-02T00:00:00,2017-01-03T00:00:00,0:30:00
467465709,467465709,create_parameters,create_linearization,cea_initial_state,wholesale,2017-01-02T00:00:00,2017-01-03T00:00:00,0:30:00
467465710,467465710,create_parameters,create_linearization,cea_initial_state,wholesale,2017-01-02T00:00:00,2017-01-03T00:00:00,0:30:00
467465711,467465711,create_parameters,create_linearization,cea_initial_state,wholesale,2017-01-02T00:00:00,2017-01-03T00:00:00,0:30:00
468226861,468226861,create_parameters,create_linearization,cea_initial_state,wholesale,2017-01-02T00:00:00,2017-01-03T00:00:00,0:30:00
474991675,474991675,create_parameters,create_linearization,cea_initial_state,wholesale,2017-01-02T00:00:00,2017-01-03T00:00:00,0:30:00
474991676,474991676,create_parameters,create_linearization,cea_initial_state,wholesale,2017-01-02T00:00:00,2017-01-03T00:00:00,0:30:00
474991677,474991677,create_parameters,create_linearization,cea_initial_state,wholesale,2017-01-02T00:00:00,2017-01-03T00:00:00,0:30:00
474991678,474991678,create_parameters,create_linearization,cea_initial_state,wholesale,2017-01-02T00:00:00,2017-01-03T00:00:00,0:30:00
475416261,475416261,create_parameters,create_linearization,cea_initial_state,wholesale,2017-01-02T00:00:00,2017-01-03T00:00:00,0:30:00
475416264,475416264,create_parameters,create_linearization,cea_initial_state,wholesale,2017-01-02T00:00:00,2017-01-03T00:00:00,0:30:00
480223745,480223745,create_parameters,create_linearization,cea_initial_state,wholesale,2017-01-02T00:00:00,2017-01-03T00:00:00,0:30:00
492114727,492114727,create_parameters,create_linearization,cea_initial_state,wholesale,2017-01-02T00:00:00,2017-01-03T00:00:00,0:30:00
504562060,504562060,create_parameters,create_linearization,cea_initial_state,wholesale,2017-01-02T00:00:00,2017-01-03T00:00:00,0:30:00
504562676,504562676,create_parameters,create_linearization,cea_initial_state,wholesale,2017-01-02T00:00:00,2017-01-03T00:00:00,0:30:00
504562678,504562678,create_parameters,create_linearization,cea_initial_state,wholesale,2017-01-02T00:00:00,2017-01-03T00:00:00,0:30:00
504809533,504809533,create_parameters,create_linearization,cea_initial_state,wholesale,2017-01-02T00:00:00,2017-01-03T00:00:00,0:30:00
510901696,510901696,create_parameters,create_linearization,cea_initial_state,wholesale,2017-01-02T00:00:00,2017-01-03T00:00:00,0:30:00
515143394,515143394,create_parameters,create_linearization,cea_initial_state,wholesale,2017-01-02T00:00:00,2017-01-03T00:00:00,0:30:00
542186296,542186296,create_parameters,create_linearization,cea_initial_state,wholesale,2017-01-02T00:00:00,2017-01-03T00:00:00,0:30:00
560240322,560240322,create_parameters,create_linearization,cea_initial_state,wholesale,2017-01-02T00:00:00,2017-01-03T00:00:00,0:30:00
560240332,560240332,create_parameters,create_linearization,cea_initial_state,wholesale,2017-01-02T00:00:00,2017-01-03T00:00:00,0:30:00
589579076,589579076,create_parameters,create_linearization,cea_initial_state,wholesale,2017-01-02T00:00:00,2017-01-03T00:00:00,0:30:00
611285861,611285861,create_parameters,create_linearization,cea_initial_state,wholesale,2017-01-02T00:00:00,2017-01-03T00:00:00,0:30:00
612174812,612174812,create_parameters,create_linearization,cea_initial_state,wholesale,2017-01-02T00:00:00,2017-01-03T00:00:00,0:30:00
618575237,618575237,create_parameters,create_linearization,cea_initial_state,wholesale,2017-01-02T00:00:00,2017-01-03T00:00:00,0:30:00
618575239,618575239,create_parameters,create_linearization,cea_initial_state,wholesale,2017-01-02T00:00:00,2017-01-03T00:00:00,0:30:00
618575240,618575240,create_parameters,create_linearization,cea_initial_state,wholesale,2017-01-02T00:00:00,2017-01-03T00:00:00,0:30:00
618575241,618575241,create_parameters,create_linearization,cea_initial_state,wholesale,2017-01-02T00:00:00,2017-01-03T00:00:00,0:30:00
618575242,618575242,create_parameters,create_linearization,cea_initial_state,wholesale,2017-01-02T00:00:00,2017-01-03T00:00:00,0:30:00
620580651,620580651,create_parameters,create_linearization,cea_initial_state,wholesale,2017-01-02T00:00:00,2017-01-03T00:00:00,0:30:00
620730864,620730864,create_parameters,create_linearization,cea_initial_state,wholesale,2017-01-02T00:00:00,2017-01-03T00:00:00,0:30:00
620812487,620812487,create_parameters,create_linearization,cea_initial_state,wholesale,2017-01-02T00:00:00,2017-01-03T00:00:00,0:30:00
627103707,627103707,create_parameters,create_linearization,cea_initial_state,wholesale,2017-01-02T00:00:00,2017-01-03T00:00:00,0:30:00
627476462,627476462,create_parameters,create_linearization,cea_initial_state,wholesale,2017-01-02T00:00:00,2017-01-03T00:00:00,0:30:00
627476465,627476465,create_parameters,create_linearization,cea_initial_state,wholesale,2017-01-02T00:00:00,2017-01-03T00:00:00,0:30:00
660596707,660596707,create_parameters,create_linearization,cea_initial_state,wholesale,2017-01-02T00:00:00,2017-01-03T00:00:00,0:30:00
660609806,660609806,create_parameters,create_linearization,cea_initial_state,wholesale,2017-01-02T00:00:00,2017-01-03T00:00:00,0:30:00
679027931,679027931,create_parameters,create_linearization,cea_initial_state,wholesale,2017-01-02T00:00:00,2017-01-03T00:00:00,0:30:00
679027932,679027932,create_parameters,create_linearization,cea_initial_state,wholesale,2017-01-02T00:00:00,2017-01-03T00:00:00,0:30:00
679027933,679027933,create_parameters,create_linearization,cea_initial_state,wholesale,2017-01-02T00:00:00,2017-01-03T00:00:00,0:30:00
679032154,679032154,create_parameters,create_linearization,cea_initial_state,wholesale,2017-01-02T00:00:00,2017-01-03T00:00:00,0:30:00
679034072,679034072,create_parameters,create_linearization,cea_initial_state,wholesale,2017-01-02T00:00:00,2017-01-03T00:00:00,0:30:00
679034073,679034073,create_parameters,create_linearization,cea_initial_state,wholesale,2017-01-02T00:00:00,2017-01-03T00:00:00,0:30:00
679034074,679034074,create_parameters,create_linearization,cea_initial_state,wholesale,2017-01-02T00:00:00,2017-01-03T00:00:00,0:30:00
699183715,699183715,create_parameters,create_linearization,cea_initial_state,wholesale,2017-01-02T00:00:00,2017-01-03T00:00:00,0:30:00
723676572,723676572,create_parameters,create_linearization,cea_initial_state,wholesale,2017-01-02T00:00:00,2017-01-03T00:00:00,0:30:00
725743263,725743263,create_parameters,create_linearization,cea_initial_state,wholesale,2017-01-02T00:00:00,2017-01-03T00:00:00,0:30:00
725743264,725743264,create_parameters,create_linearization,cea_initial_state,wholesale,2017-01-02T00:00:00,2017-01-03T00:00:00,0:30:00
725743265,725743265,create_parameters,create_linearization,cea_initial_state,wholesale,2017-01-02T00:00:00,2017-01-03T00:00:00,0:30:00
725743854,725743854,create_parameters,create_linearization,cea_initial_state,wholesale,2017-01-02T00:00:00,2017-01-03T00:00:00,0:30:00
725743855,725743855,create_parameters,create_linearization,cea_initial_state,wholesale,2017-01-02T00:00:00,2017-01-03T00:00:00,0:30:00
725993952,725993952,create_parameters,create_linearization,cea_initial_state,wholesale,2017-01-02T00:00:00,2017-01-03T00:00:00,0:30:00
727078609,727078609,create_parameters,create_linearization,cea_initial_state,wholesale,2017-01-02T00:00:00,2017-01-03T00:00:00,0:30:00
727078610,727078610,create_parameters,create_linearization,cea_initial_state,wholesale,2017-01-02T00:00:00,2017-01-03T00:00:00,0:30:00
728243729,728243729,create_parameters,create_linearization,cea_initial_state,wholesale,2017-01-02T00:00:00,2017-01-03T00:00:00,0:30:00
738898807,738898807,create_parameters,create_linearization,cea_initial_state,wholesale,2017-01-02T00:00:00,2017-01-03T00:00:00,0:30:00
742205653,742205653,create_parameters,create_linearization,cea_initial_state,wholesale,2017-01-02T00:00:00,2017-01-03T00:00:00,0:30:00
743564832,743564832,create_parameters,create_linearization,cea_initial_state,wholesale,2017-01-02T00:00:00,2017-01-03T00:00:00,0:30:00
743618324,743618324,create_parameters,create_linearization,cea_initial_state,wholesale,2017-01-02T00:00:00,2017-01-03T00:00:00,0:30:00
747734200,747734200,create_parameters,create_linearization,cea_initial_state,wholesale,2017-01-02T00:00:00,2017-01-03T00:00:00,0:30:00
750435173,750435173,create_parameters,create_linearization,cea_initial_state,wholesale,2017-01-02T00:00:00,2017-01-03T00:00:00,0:30:00
753667338,753667338,create_parameters,create_linearization,cea_initial_state,wholesale,2017-01-02T00:00:00,2017-01-03T00:00:00,0:30:00
760452808,760452808,create_parameters,create_linearization,cea_initial_state,wholesale,2017-01-02T00:00:00,2017-01-03T00:00:00,0:30:00
761210111,761210111,create_parameters,create_linearization,cea_initial_state,wholesale,2017-01-02T00:00:00,2017-01-03T00:00:00,0:30:00
761210112,761210112,create_parameters,create_linearization,cea_initial_state,wholesale,2017-01-02T00:00:00,2017-01-03T00:00:00,0:30:00
764327106,764327106,create_parameters,create_linearization,cea_initial_state,wholesale,2017-01-02T00:00:00,2017-01-03T00:00:00,0:30:00
775684170,775684170,create_parameters,create_linearization,cea_initial_state,wholesale,2017-01-02T00:00:00,2017-01-03T00:00:00,0:30:00
